rs41267813	CTGGGGTCCTCTGATGCCAGTGTGGTATCAT	CTGGGGTCCTCTGATACCAGTGTGGTATCAT
rs139145675	CACCATCAGGGTTACGGCAGTACTGAAAACA	CACCATCAGGGTTACAGCAGTACTGAAAACA
rs143431368	TCATTGTCAGGCCACTGGAAATTCCAAAGCA	TCATTGTCAGGCCACCGGAAATTCCAAAGCA
rs76144756	TAGACATACGCATTTGGATAGTATAATGGGA	TAGACATACGCATTTAGATAGTATAATGGGA
rs41272114	AACATGATAGACATACGCATTTGGATAGTAT	AACATGATAGACATATGCATTTGGATAGTAT
rs10455872	TGTTCTCAGAACCCAATGTGTTTATACAGGT	TGTTCTCAGAACCCAGTGTGTTTATACAGGT
rs3798220	CAGCCTAGACACTTCTATTTCCTGAACATGA	CAGCCTAGACACTTCCATTTCCTGAACATGA
rs41259144	ACAGGATCTGGATTTCGGCAGTAGTTCTTGA	ACAGGATCTGGATTTTGGCAGTAGTTCTTGA
rs140570886	AATTTAACTATGATGTACCCCAGTAAATCAG	AATTTAACTATGATGCACCCCAGTAAATCAG
rs41267809	TCATTCTCAATAACAAGGAGCTGGGCTTCCT	TCATTCTCAATAACAGGGAGCTGGGCTTCCT
rs41270998	TGGTAAAGAACAAAGACGTACGCATTTGGGT	TGGTAAAGAACAAAGGCGTACGCATTTGGGT
rs41267807	CTTGAAACACGAGCATAGACACCAGGCTTAT	CTTGAAACACGAGCACAGACACCAGGCTTAT
rs1853021	TCCCAATCCCAGGACGTTGTTGACTTACATG	TCCCAATCCCAGGACATTGTTGACTTACATG
rs1800769	GACTGGCCAGCAGTGCCCAGAAAGTGTGTCC	GACTGGCCAGCAGTGTCCAGAAAGTGTGTCC
rs3124784	CAGGCTTATTGGGGCGTGCACAGCCAAGACC	CAGGCTTATTGGGGCATGCACAGCCAAGACC
rs41272112	TATAATGGGATCCTCCGATGCCAATGTGGTG	TATAATGGGATCCTCTGATGCCAATGTGGTG
rs11591147	TGGTGCTAGCCTTGCGTTCCGAGGAGGACGG	TGGTGCTAGCCTTGCTTTCCGAGGAGGACGG
